{"cameraMode":{"drawMode":0,"name":"Shaded","section":"Shading Mode"},"sceneLighting":true,"audioPlay":false,"sceneViewState":{"showFog":false,"showMaterialUpdate":false,"showSkybox":true,"showFlares":true,"showImageEffects":true,"showParticleSystems":true},"in2DMode":false,"pivot":{"x":653.1561279296875,"y":6.694757461547852,"z":424.6181945800781},"rotation":{"x":-0.010650943964719773,"y":-0.9876483678817749,"z":0.11960244923830033,"w":-0.10423366725444794},"size":38.4325065612793,"orthographic":false}